n,n_unique_sentences,random_sentence,total
1,20660151,"so show the clue some respect , urged jason .",20660151
2,11783517,"ebenezar sent the warden back to bring me up to his room at once , and he 'd already told the man to make sure molly was fed from the buffet table .",23567034
3,5015209,"did n't they know they were supposed to recognize her loss , and acknowledge it by being as miserable as she was ?",15045627
4,785290,she said you kind of work as a sounding board for all of them .,3141160
5,169785,`` no running ! '',848925
6,130808,"she put the marker back in her knapsack , walked over , and set the 9 mm round on the floor , pointing up .",784848
7,47247,she gasped and pulled back .,330729
8,37493,his laughter filled the room .,299944
9,26977,crazy woman .,242793
10,19934,tortured . '',199340
11,15215,she threw open the door .,167365
12,14426,i felt sick just thinking about it .,173112
13,10554,"shit , shit !",137202
14,9057,`` make that two . '',126798
15,8129,verity smiled .,121935
16,7149,neither could she .,114384
17,5900,free . '',100300
18,5417,"stop , stop !",97506
19,4714,`` you could be right .,89566
20,4154,joan !,83080
21,3783,skylar nodded .,79443
22,3462,those days were over .,76164
23,3018,and he was alone .,69414
24,3011,alexia sighed .,72264
25,2581,perhaps youre right .,64525
26,2382,`` close ? '',61932
27,2239,i 'm so scared .,60453
28,2140,`` nothing to be sorry about .,59920
29,1816,a smile touched his lips .,52664
30,1787,'you do ? ',53610
31,1653,you do it .,51243
32,1514,`` taryn ? '',48448
33,1483,`` mistake ? '',48939
34,1351,"`` okay , let 's go .",45934
36,1257,i patted his arm .,45252
35,1239,`` i bet you say that to all the girls . '',43365
37,1131,more than ready .,41847
38,1114,george bush high .,42332
39,1078,my eyes burned .,42042
41,947,he walked toward her .,38827
40,945,anita asked .,37800
42,907,be a man .,38094
43,793,prove it . '',34099
44,790,it was hell .,34760
45,712,anybody ?,32040
46,705,at least i hope so .,32430
47,686,mind ?,32242
48,635,mike grinned .,30480
50,623,waiting for him .,31150
51,595,i need ...,30345
49,589,`` you 're not alone .,28861
52,548,`` life . '',28496
56,515,`` you know me . '',28840
54,514,said ripred .,27756
53,510,i will always love you .,27030
55,510,`` run .,28050
57,485,i shook my head and smiled .,27645
60,421,he tried to smile .,25260
59,417,`` you 're crazy ! '',24603
58,406,we should get going .,23548
63,376,i 'll try .,23688
61,369,it had happened before .,22509
65,356,`` knox ? '',23140
66,340,dex asked .,22440
64,336,you 're going to be okay .,21504
67,331,he just shook his head .,22177
69,330,coming !,22770
68,325,`` i killed him . '',22100
62,314,a man asked .,19468
72,277,which was ?,19944
77,255,neither did he .,19635
75,252,"`` thank you , '' she said softly .",18900
70,251,`` what about your father ? '',17570
73,251,`` isaac ? '',18323
76,249,`` i 'll drive . '',18924
79,241,hell be fine .,19039
78,239,jason shook his head .,18642
74,239,`` gabriel ? '',17686
71,234,`` jonathan ! '',16614
80,230,`` how is that ? '',18400
81,228,sorry . ',18468
82,203,27 .,16646
85,202,`` how 's this ? '',17170
83,194,`` that 's crazy . '',16102
88,186,get off !,16368
84,179,how many ? '',15036
98,177,i could n't argue with that .,17346
89,174,`` in a minute .,15486
96,173,"`` yes , '' i agreed .",16608
90,169,it was happening .,15210
93,165,"`` yes , '' he answered .",15345
86,159,`` marshall ? '',13674
87,155,"`` yeah , i remember . ''",13485
94,152,xavier asked .,14288
92,152,i got ta go . '',13984
97,151,she had to get out of here .,14647
95,146,`` how did you know about that ? '',13870
99,145,`` barely .,14355
91,141,lily nodded .,12831
102,139,i wasnt .,14178
108,125,was he dead ?,13500
100,122,`` quiet . '',12200
101,120,youre safe .,12120
109,118,he asked calmly .,12862
106,118,"`` of course , sir . ''",12508
107,118,"`` no , i ca n't . ''",12626
104,115,`` charlotte ? '',11960
121,111,i yelped .,13431
110,111,everyone did .,12210
120,110,i looked up at her .,13200
113,109,`` i wish i knew . '',12317
116,108,she smiled to herself .,12528
105,106,no chance .,11130
114,105,"`` i 'm fine , '' she said .",11970
111,104,`` trent ! '',11544
112,103,`` need help ? '',11536
124,102,yes sir !,12648
117,101,`` are you ready for this ? '',11817
115,97,correction .,11155
103,96,whats the big deal ?,9888
123,96,i started to cry .,11808
118,94,`` just go . '',11092
127,91,he paused again .,11557
119,88,i knew this .,10472
135,82,no questions .,11070
126,81,be patient .,10206
130,78,let me in .,10140
129,77,`` abby ? '',9933
122,76,ill be back .,9272
125,75,i glanced down .,9375
137,74,"`` ah , '' he said .",10138
128,73,but not this time .,9344
131,71,like this . '',9301
140,70,`` what do you suggest ? '',9800
141,65,how embarrassing .,9165
144,65,i really appreciate it . '',9360
134,64,`` remember ? '',8576
152,64,`` sure ? '',9728
142,63,`` hah !,8946
159,61,`` did what ? '',9699
132,61,no one can .,8052
133,60,demons .,7980
145,60,`` where will you go ? '',8700
136,59,what am i ?,8024
151,59,`` harder . '',8909
148,59,`` i do n't know what to do . '',8732
138,57,`` do n't cry .,7866
160,57,goodbye . '',9120
146,56,`` miss me ? '',8176
143,56,i love it !,8008
164,54,what was her name ?,8856
154,54,i want to know .,8316
149,53,she glanced at me .,7897
170,52,"oh , gods .",8840
171,52,thinking .,8892
153,51,`` why me ?,7803
156,51,`` i understand that .,7956
139,51,he lifted an eyebrow .,7089
158,51,loved .,8058
147,50,naomi said .,7350
155,50,i exhale .,7750
165,46,i did n't blame her .,7590
157,45,amos asked .,7065
169,45,she offered .,7605
150,44,"`` thank you , mr .",6600
187,44,silent .,8228
162,43,he raised his voice .,6966
163,42,det .,6846
193,42,`` be my guest . '',8106
182,41,`` she 's gone . '',7462
177,41,they are .,7257
174,40,she snapped her fingers .,6960
194,40,`` you will ? '',7760
183,40,does that make sense ? '',7320
175,40,`` what can i get you ? '',7000
216,39,do n't get me wrong .,8424
190,39,`` she ? '',7410
180,39,too fast .,7020
176,38,i appreciate that .,6688
167,37,probably both .,6179
188,36,`` you 're joking . '',6768
168,36,`` you too .,6048
203,35,out !,7105
178,34,he cocked his head to the side .,6052
173,34,zoe asked .,5882
172,34,`` mmmm . '',5848
213,34,i want more .,7242
181,33,`` suit yourself .,5973
184,33,how is he ?,6072
186,32,`` damn it !,5952
202,32,o !,6464
208,31,breathe in .,6448
204,31,`` how can you tell ? '',6324
161,31,her eyes widen .,4991
189,31,he interrupted .,5859
200,31,what then ? '',6200
195,31,`` i got it . '',6045
238,30,she pouted .,7140
210,30,and it was true .,6300
185,30,charlie asked .,5550
166,30,i stilled .,4980
231,29,"`` sorry , '' i said .",6699
179,29,too quiet .,5191
212,28,jeremy asked .,5936
196,28,jane asked .,5488
192,28,outside .,5376
191,28,especially now .,5348
263,27,did you hear that ?,7101
215,27,i glanced at the clock .,5805
199,27,`` what did you do to him ? '',5373
251,27,she huffed .,6777
207,27,up . '',5589
211,27,who the hell are you ?,5697
240,26,`` alone ? '',6240
265,26,vampire .,6890
249,26,i 'm serious .,6474
226,26,`` i know what you mean . '',5876
258,26,'all right .,6708
197,26,her breath caught in her throat .,5122
209,26,? ',5434
198,26,`` you wish . '',5148
206,25,james .,5150
275,25,"oh , okay .",6875
225,25,`` yes ...,5625
201,25,her smile widened .,5025
228,25,`` which way ? '',5700
284,24,the man said .,6816
205,23,"`` yes , sir ! ''",4715
234,23,`` i 'm trying . '',5382
214,22,im sorry !,4708
283,22,i asked curiously .,6226
222,22,he spat .,4884
223,22,down .,4906
233,22,with her .,5126
218,21,`` what is that supposed to mean ? '',4578
220,21,billy asked .,4620
278,21,i finally asked .,5838
217,21,`` listen . '',4557
244,21,hold on . '',5124
272,20,would he ?,5440
229,20,`` i need your help . '',4580
227,20,`` i can tell . '',4540
291,20,there was no reply .,5820
219,20,let me see .,4380
243,20,o-kay .,4860
245,19,`` let 's do it . '',4655
281,19,whys that ?,5339
241,19,she was crying .,4579
224,19,i love you so much . '',4256
378,19,`` what did you see ? '',7182
285,18,dad .,5130
276,18,this way .,4968
221,18,`` i 'm in . '',3978
230,18,"i asked , surprised .",4140
300,18,i felt sick .,5400
252,18,she had .,4536
235,18,big mistake .,4230
236,18,beth asked .,4248
307,17,`` is he okay ? '',5219
290,17,i dont get it .,4930
303,17,jack .,5151
264,17,who was she ?,4488
250,17,i thought so .,4250
256,16,of course it was .,4096
292,16,`` i thought so . '',4672
254,16,he looked up at me .,4064
279,16,i wanted him .,4464
232,16,`` beautiful . '',3712
237,16,dunno .,3792
299,16,`` wrong .,4784
280,15,`` i do n't want to talk about it . '',4200
326,15,it didnt matter .,4890
277,15,what the hell are you doing ?,4155
274,15,he moaned .,4110
315,15,`` daddy ? '',4725
308,15,forgive me .,4620
242,15,`` that 's me . '',3630
267,15,deep .,4005
296,14,i interrupted .,4144
253,14,just like that ?,3542
262,14,`` what did i do ? '',3668
261,14,`` todd ? '',3654
333,14,`` too bad .,4662
329,14,`` i remember .,4606
271,14,`` who cares ? '',3794
331,13,he was here .,4303
319,13,`` what is going on ? '',4147
322,13,big deal .,4186
302,13,deeper .,3926
323,13,"no , i said .",4199
306,13,i did n't move .,3978
287,13,thank goodness .,3731
288,13,their eyes met .,3744
295,13,if only .,3835
248,13,her ?,3224
270,13,`` right now ? '',3510
257,13,"`` yeah , '' she said .",3341
269,13,he tried again .,3497
239,13,the what ?,3107
318,12,thats fine .,3816
316,12,"oh , no !",3792
383,12,"`` you 're kidding , right ? ''",4596
304,12,but he did .,3648
335,12,`` of what ? '',4020
268,12,'right .,3216
309,12,i forced a smile .,3708
422,12,`` no thanks . '',5064
317,11,ow .,3487
282,11,she did n't respond .,3102
247,11,all of you . '',2717
328,11,`` promise . '',3608
350,11,i tease .,3850
321,11,`` be careful .,3531
286,11,tell me !,3146
260,11,`` hello ! '',2860
365,11,what the hell was that ?,4015
289,11,`` it 's not your fault . '',3179
273,11,will .,3003
369,11,what can i do ?,4059
429,11,`` precisely . '',4719
266,11,`` indeed ? '',2926
301,11,loudly .,3311
356,11,`` do n't move . '',3916
348,10,`` is there a problem ? '',3480
394,10,`` not anymore .,3940
343,10,`` ca n't .,3430
341,10,i can feel it . '',3410
391,10,`` probably not .,3910
358,10,is everything okay ? '',3580
359,10,`` you know . '',3590
379,10,`` how is that possible ? '',3790
353,10,with me .,3530
376,10,at least not yet .,3760
325,10,`` .,3250
501,10,`` but ...,5010
463,10,`` i mean it .,4630
375,10,dont .,3750
259,10,he was wrong .,2590
311,10,human .,3110
313,10,how are you feeling ? '',3130
298,10,what does that mean ? '',2980
297,10,`` skyla ! '',2970
426,10,she called out .,4260
294,10,"`` yes , i am .",2940
425,10,what did he say ?,4250
387,9,seriously ? '',3483
320,9,what could i say ?,2880
344,9,`` that 's what i thought . '',3096
449,9,`` be careful . '',4041
340,9,"`` no , '' she whispered .",3060
255,9,we both laughed .,2295
392,9,`` ah !,3528
337,9,you think ?,3033
386,9,`` good point .,3474
447,9,and she did .,4023
415,9,are .,3735
370,9,`` how did you find me ? '',3330
361,8,and ...,2888
360,8,`` everything .,2880
380,8,hunter asked .,3040
497,8,a little .,3976
433,8,`` are you all right ?,3464
573,8,"no , of course not .",4584
355,8,i know it . '',2840
354,8,i get that .,2832
434,8,"`` no , '' i say .",3472
371,8,just .,2968
362,8,`` interesting .,2896
246,8,agreed ? '',1968
503,8,sexy .,4024
471,8,what do you mean ? '',3768
427,8,`` you are ? '',3416
456,8,bloody hell .,3648
327,8,god . '',2616
330,8,i mean it . '',2640
374,8,`` what 's happened ? '',2992
342,8,how could that be ?,2736
312,8,david asked .,2496
339,8,she frowned at him .,2712
349,8,`` so do i . '',2792
336,8,for you .,2688
334,8,`` your turn . '',2672
417,7,i knew it !,2919
443,7,`` you could say that . '',3101
465,7,not anymore . '',3255
401,7,`` you 're wrong .,2807
484,7,she moaned .,3388
388,7,"`` yes , you do .",2716
473,7,bang .,3311
474,7,he grinned at me .,3318
475,7,`` nice to meet you . '',3325
396,7,`` sit . '',2772
451,7,`` i 'll try . '',3157
428,7,i miss you .,2996
499,7,hmm ?,3493
314,7,"`` yeah , i do .",2198
310,7,`` do n't say that .,2170
363,7,`` crap . '',2541
332,7,but she could n't .,2324
490,7,`` holy shit ! '',3430
522,7,mom !,3654
368,7,"`` fine , '' i said .",2576
366,7,'i do n't know .,2562
524,7,"oh , my god .",3668
419,6,"yes , i know .",2514
459,6,you were right .,2754
373,6,`` nothing ? '',2238
520,6,i was right .,3120
412,6,deal ? '',2472
1035,6,`` wait !,6210
611,6,nate asked .,3666
405,6,`` positive . '',2430
461,6,she stopped .,2766
541,6,he smirks .,3246
420,6,i do n't understand . '',2520
550,6,she wrinkled her nose .,3300
453,6,he exhaled .,2718
305,6,take it .,1830
530,6,`` what do you want me to do ? '',3180
444,6,he licked his lips .,2664
293,6,its true .,1758
646,6,`` that 's it . '',3876
810,6,all of them .,4860
531,6,`` you do n't understand .,3186
404,6,`` i like it . '',2424
612,6,i ca n't help it .,3672
402,6,my god .,2412
347,6,`` what 's going on here ? '',2082
581,6,`` you what ? '',3486
382,6,i turned around .,2292
485,6,i understand . '',2910
364,6,i get it . '',2184
389,6,`` forget it . '',2334
338,6,"`` okay , then . ''",2028
481,6,fine !,2886
352,6,`` you are .,2112
435,6,his lips twitched .,2610
554,6,`` can i ask you something ? '',3324
562,6,he gasped .,3372
478,5,i like that .,2390
509,5,more silence .,2545
491,5,`` there ! '',2455
440,5,i suppose .,2200
583,5,`` follow me . '',2915
487,5,`` and then ? '',2435
532,5,it was perfect .,2660
579,5,why not ? '',2895
486,5,see ? '',2430
533,5,but she did n't .,2665
536,5,i could do this .,2680
468,5,"`` ah , yes .",2340
631,5,think .,3155
576,5,he smiled at me .,2880
483,5,he swallowed hard .,2415
460,5,`` great !,2300
559,5,do you understand me ? '',2795
439,5,what are you saying ?,2195
476,5,`` i did n't . '',2380
454,5,`` do n't worry . '',2270
542,5,`` excuse me . '',2710
621,5,why are you here ?,3105
502,5,"`` oh , no . ''",2510
462,5,kind of .,2310
457,5,she knew it .,2285
545,5,"`` yes , it is . ''",2725
458,5,`` that 's not true .,2290
516,5,not that it mattered .,2580
480,5,`` obviously . '',2400
630,5,he shuddered .,3150
424,5,"`` hell , no .",2120
385,5,i looked at her .,1925
690,5,`` who 's that ? '',3450
665,5,`` good morning . '',3325
393,5,i was n't .,1965
390,5,`` a little .,1950
381,5,`` i suppose . '',1905
407,5,or maybe not .,2035
770,5,`` i guess .,3850
372,5,the line went dead .,1860
409,5,or worse .,2045
414,5,what about me ?,2070
742,5,help !,3710
367,5,no kidding .,1835
400,5,peter asked .,2000
351,5,but not now .,1755
399,5,i stiffened .,1995
682,5,`` promise ? '',3410
324,5,wow . '',1620
431,5,`` what do you think you 're doing ? '',2155
589,4,not yet . '',2356
377,4,`` ok .,1508
684,4,`` not much .,2736
695,4,`` huh ?,2780
538,4,understood ? '',2152
537,4,why do you ask ?,2148
384,4,"`` thank you , '' i said .",1536
757,4,she repeated .,3028
534,4,hurry .,2136
521,4,hardly .,2084
1097,4,`` got it . '',4388
590,4,i made a face .,2360
395,4,i breathed .,1580
923,4,"no , no , no .",3692
397,4,"`` i love you , too .",1588
1090,4,please ? '',4360
398,4,`` precisely .,1592
488,4,she narrowed her eyes .,1952
580,4,thats good .,2320
548,4,it hurt .,2192
578,4,she groaned .,2312
553,4,`` i 'll be fine .,2212
556,4,"`` yeah , i know . ''",2224
728,4,pain .,2912
1003,4,`` but why ? '',4012
561,4,are you crazy ?,2244
569,4,she said nothing .,2276
985,4,`` perfect . '',3940
357,4,all of you .,1428
677,4,`` come .,2708
544,4,bang !,2176
543,4,come in .,2172
519,4,"`` i know , i know .",2076
706,4,how so ?,2824
496,4,`` what do you think ?,1984
577,4,mmm .,2308
739,4,`` which one ? '',2956
528,4,you 'll see . '',2112
472,4,`` is she okay ? '',1888
464,4,`` i 'm sure .,1856
411,4,`` ha .,1644
661,4,`` jesus . '',2644
626,4,what time is it ?,2504
659,4,oh no !,2636
788,4,together .,3152
452,4,`` none . '',1808
1345,4,i frown .,5380
655,4,safe .,2620
634,4,`` i 'm okay .,2536
430,4,`` thank you ! '',1720
448,4,`` are you crazy ? '',1792
835,4,i raised an eyebrow .,3340
445,4,`` for how long ? '',1780
432,4,"`` all right , '' he said .",1728
441,4,`` hurry ! '',1764
410,4,`` sorry about that .,1640
423,4,she flinched .,1692
467,4,everything . '',1868
466,4,i scoffed .,1864
604,4,what did you say ?,2416
470,4,i turned .,1880
908,4,here . '',3632
603,4,no more .,2412
914,3,are you all right ? '',2742
650,3,for me .,1950
877,3,ready ?,2631
804,3,never . '',2412
546,3,i giggle .,1638
768,3,wait a minute .,2304
1048,3,he called .,3144
636,3,`` look ! '',1908
1040,3,i could n't help it .,3120
702,3,`` enough ! '',2106
637,3,`` later . '',1911
834,3,i swear .,2502
717,3,i take a deep breath .,2151
598,3,here ?,1794
715,3,"`` yes , i do . ''",2145
809,3,i swear . '',2427
689,3,right . '',2067
1075,3,it was .,3225
812,3,at all .,2436
712,3,"`` no , sir .",2136
710,3,she glared at him .,2130
708,3,i ask her .,2124
828,3,`` i know that .,2484
826,3,sam asked .,2478
699,3,and another .,2097
607,3,i looked around .,1821
721,3,`` what about me ? '',2163
781,3,i can do this .,2343
582,3,i 'll be fine . '',1746
751,3,`` stop it ! '',2253
746,3,where ? '',2238
617,3,and why ?,1851
673,3,something like that .,2019
663,3,"`` yes , of course .",1989
965,3,`` how do you know that ? '',2895
585,3,`` are you kidding me ? '',1755
777,3,"`` yeah , right .",2331
778,3,`` what can i say ?,2334
660,3,he winced .,1980
574,3,what then ?,1722
733,3,no matter .,2199
956,3,gone .,2868
572,3,"`` okay , '' she said .",1716
628,3,are you kidding ?,1884
894,3,`` sorry ? '',2682
600,3,i stopped .,1800
567,3,i could n't breathe .,1701
729,3,there was no answer .,2187
608,3,easy .,1824
824,3,she smiled at him .,2472
587,3,adam asked .,1761
558,3,`` of course i do .,1674
727,3,look at me .,2181
557,3,`` am i ? '',1671
645,3,awesome .,1935
416,3,`` listen to me .,1248
529,3,nothing else .,1587
514,3,`` enough . '',1542
345,3,let me go !,1035
346,3,you 'll see .,1038
511,3,i thought about it .,1533
508,3,`` come again ? '',1524
506,3,he raised his eyebrows .,1518
498,3,there was nothing .,1494
403,3,exactly !,1209
493,3,end of story .,1479
492,3,who are you ? '',1476
1208,3,she yelled .,3624
489,3,`` what do you want from me ? '',1467
1459,3,`` well .,4377
421,3,what 's your name ? '',1263
479,3,"`` no , i do n't .",1437
1262,3,she laughs .,3786
469,3,i 'm not sure .,1407
1404,3,mine .,4212
1272,3,i cleared my throat .,3816
437,3,surely not .,1311
438,3,just great .,1314
442,3,liar .,1326
446,3,where are they ?,1338
450,3,all rights reserved .,1350
1351,3,`` seriously ?,4053
1348,3,`` i think so . '',4044
513,3,`` nah . '',1539
455,3,dad ?,1365
525,3,why now ?,1575
523,3,what is going on ?,1569
1133,3,what are you doing here ? '',3399
1112,3,`` fuck . '',3336
515,3,`` do n't you ? '',1545
1936,3,so .,5808
1861,2,alone .,3722
648,2,`` i know that . '',1296
1408,2,`` what 's that supposed to mean ? '',2816
647,2,i pause .,1294
1401,2,that 's it .,2802
704,2,i like it .,1408
2906,2,not now .,5812
1400,2,he cried .,2800
811,2,`` i have to go . '',1622
1391,2,she says .,2782
801,2,what are you doing ? '',1602
651,2,about what ?,1302
1419,2,what 's wrong ? '',2838
799,2,but i did n't .,1598
813,2,ugh !,1626
796,2,he knew .,1592
795,2,`` i 'm here . '',1590
794,2,there !,1588
653,2,you okay ? '',1306
654,2,cold .,1308
1432,2,`` what did you do ? '',2864
1440,2,he groaned .,2880
787,2,`` stop .,1574
703,2,`` why is that ? '',1406
815,2,`` fair enough . '',1630
436,2,believe me .,872
639,2,`` dr .,1278
629,2,not exactly .,1258
1331,2,`` where is he ? '',2662
4565,2,`` excuse me ? '',9130
632,2,hold on .,1264
1349,2,he did n't .,2698
635,2,be careful .,1270
696,2,`` a what ? '',1392
697,2,`` if you say so . '',1394
837,2,i grin .,1674
698,2,`` look . '',1396
4229,2,`` so ? '',8458
640,2,simple .,1280
783,2,3 .,1566
829,2,`` what else ? '',1658
692,2,what did you do ?,1384
2996,2,i promise .,5992
642,2,the man asked .,1284
1386,2,so what ?,2772
823,2,`` how long ? '',1646
643,2,i shout .,1286
820,2,she replied .,1640
819,2,that 's right .,1638
818,2,`` ms .,1636
644,2,ouch !,1288
786,2,`` go . '',1572
2248,2,`` me ? '',4496
2694,2,`` where are we going ? '',5388
670,2,`` we 'll see . '',1340
1621,2,i screamed .,3242
750,2,i looked up .,1500
748,2,`` are you hungry ? '',1496
672,2,i told you .,1344
1629,2,she screamed .,3258
745,2,`` i get it .,1490
744,2,"you know that , right ? ''",1488
1960,2,nothing happened .,3920
1634,2,right ? '',3268
1638,2,damn !,3276
1658,2,i swallowed .,3316
738,2,you know ?,1476
1686,2,no ?,3372
734,2,go . '',1468
1713,2,i asked her .,3426
732,2,out .,1464
679,2,i did n't know what to say .,1358
730,2,she licked her lips .,1460
716,2,stupid .,1432
1761,2,let 's go . '',3522
726,2,what did that mean ?,1452
1928,2,what ? '',3856
1779,2,`` not yet .,3558
753,2,uh-huh .,1506
668,2,`` fair enough .,1336
719,2,`` bullshit .,1438
1585,2,`` here .,3170
418,2,i growled .,836
693,2,he 's right .,1386
1471,2,`` of course not . '',2942
413,2,this is a work of fiction .,826
775,2,tell me . '',1550
408,2,are you sure ? '',816
664,2,`` anything . '',1328
771,2,i yell .,1542
2161,2,whats going on ?,4322
1494,2,forever .,2988
687,2,`` it does n't matter . '',1374
2047,2,thank god .,4094
769,2,`` come with me . '',1538
627,2,too bad .,1254
767,2,what the fuck ?,1534
2029,2,`` about what ? '',4058
686,2,`` well ?,1372
765,2,you !,1530
666,2,you know what ?,1332
762,2,`` why do you say that ? '',1524
761,2,always . '',1522
760,2,`` what the hell are you doing ? '',1520
759,2,`` i do n't know what you 're talking about . '',1518
406,2,need .,812
694,2,i mean it .,1388
1321,2,`` who is it ? '',2642
507,2,but i ca n't .,1014
1159,2,i 'm fine . '',2318
1000,2,"`` yeah , '' i said .",2000
564,2,hah !,1128
505,2,how did you know ?,1010
1169,2,she wondered .,2338
990,2,i glared at him .,1980
1172,2,`` why are you here ? '',2344
982,2,it is .,1964
1177,2,"`` yes , '' he said .",2354
979,2,i 'll be right back . '',1958
500,2,"`` no , i 'm not .",1000
977,2,kylie asked .,1954
575,2,`` what are you doing here ?,1150
974,2,i shivered .,1948
971,2,i shuddered .,1942
970,2,but it was too late .,1940
495,2,no one spoke .,990
1204,2,how are you ?,2408
624,2,something .,1248
1212,2,`` i love you .,2424
951,2,i grimaced .,1902
1213,2,love .,2426
584,2,mike asked .,1168
1217,2,i 'm fine .,2434
942,2,what was going on ?,1884
560,2,`` you heard me .,1120
1004,2,me too .,2008
482,2,he knew it .,964
1152,2,she cleared her throat .,2304
527,2,'no ! ',1054
1087,2,i know . '',2174
1100,2,`` what 's so funny ? '',2200
1101,2,blood .,2202
526,2,hell no .,1052
1080,2,impossible .,2160
1104,2,"`` oh , no .",2208
1073,2,`` something like that . '',2146
1107,2,i know that .,2214
539,2,he laughed softly .,1078
1115,2,all of it .,2230
1122,2,"`` oh , yeah .",2244
518,2,`` uh huh . '',1036
1128,2,`` now ? '',2256
1050,2,`` no ?,2100
1047,2,waiting .,2094
1137,2,he asked softly .,2274
1036,2,tell me .,2072
1033,2,i think .,2066
1027,2,home .,2054
552,2,bullshit .,1104
512,2,stop it .,1024
555,2,"`` i 'm sorry , '' he said .",1110
1148,2,he did n't answer .,2296
1015,2,none .,2030
1226,2,`` is something wrong ? '',2452
955,2,`` i do n't care .,1910
892,2,where are we going ?,1784
866,2,come .,1732
904,2,i do n't .,1808
869,2,"`` okay , '' i said .",1738
902,2,`` i beg your pardon ? '',1804
1266,2,i dont think so .,2532
606,2,badly .,1212
1267,2,she snapped .,2534
1274,2,`` aye . '',2548
935,2,him .,1870
872,2,whats your name ?,1744
618,2,but .,1236
874,2,`` how do you feel ? '',1748
1278,2,two .,2556
1284,2,no response .,2568
614,2,`` i 'm serious .,1228
615,2,is that it ?,1230
880,2,i said nothing .,1760
1302,2,how ? '',2604
616,2,enough .,1232
878,2,i agree .,1756
868,2,he looked up .,1736
907,2,`` run ! '',1814
597,2,`` that 's it ?,1194
920,2,`` me too .,1840
860,2,ok .,1720
1096,2,`` are you ready ? '',2192
934,2,`` probably . '',1868
591,2,death .,1182
593,2,"`` oh , right .",1186
594,2,`` i wo n't .,1188
929,2,`` then what ? '',1858
863,2,whoa !,1726
477,2,`` oh yes .,954
1263,2,she did .,2526
1293,2,`` not at all .,2586
1248,2,her eyes narrowed .,2496
599,2,john asked .,1198
1258,2,not .,2516
601,2,she did n't answer .,1202
1307,2,`` fuck ! '',2614
602,2,`` hardly .,1204
620,1,`` shut up .,620
622,1,`` i did n't .,622
633,1,i looked up at him .,633
540,1,`` you know what i mean . '',540
641,1,`` definitely . '',641
638,1,`` thank god . '',638
517,1,`` so . '',517
691,1,wrong .,691
547,1,she winked .,547
535,1,dont worry about it .,535
588,1,`` i love you too . '',588
549,1,`` excellent . '',549
681,1,when ? '',681
658,1,sir ?,658
657,1,it had to be .,657
595,1,`` whoa . '',595
494,1,`` hold on . '',494
652,1,i stood up .,652
649,1,`` let me go ! '',649
667,1,strange .,667
669,1,i hope so .,669
504,1,`` who is this ? '',504
571,1,"`` yes , ma'am .",571
671,1,fair enough .,671
568,1,`` what are we going to do ? '',568
566,1,she looked around .,566
563,1,"hell , no .",563
609,1,it does n't matter .,609
610,1,what 's wrong ?,610
510,1,i ca n't breathe .,510
613,1,she teased .,613
551,1,`` where is it ? '',551
623,1,`` um ...,623
31445,1,yes .,31445
700,1,i 'm here .,700
2604,1,i grinned .,2604
2547,1,`` what does that mean ? '',2547
2554,1,`` let 's go . '',2554
2572,1,she rolled her eyes .,2572
2580,1,`` i love you . '',2580
2595,1,dammit .,2595
2601,1,really .,2601
2603,1,me ?,2603
2605,1,`` all right . '',2605
2629,1,i see .,2629
3397,1,i promise . '',3397
2660,1,hello ?,2660
2670,1,`` what do you think ? '',2670
2691,1,there .,2691
2718,1,`` great .,2718
2723,1,`` not really .,2723
2742,1,who are you ?,2742
2745,1,oh !,2745
2744,1,`` exactly . '',2744
2518,1,`` shit . '',2518
2513,1,i asked him .,2513
2498,1,`` what 's up ? '',2498
2497,1,i laugh .,2497
2343,1,see ?,2343
2347,1,`` come on . '',2347
2350,1,`` when ? '',2350
2355,1,ha !,2355
2388,1,me .,2388
2391,1,`` no ? '',2391
2397,1,`` i will . '',2397
2400,1,do you understand ? '',2400
2405,1,she grinned .,2405
2413,1,hmm .,2413
2415,1,`` i do .,2415
2419,1,`` here . '',2419
2421,1,he whispered .,2421
2428,1,he shakes his head .,2428
2434,1,well .,2434
2437,1,`` ready ? '',2437
2481,1,damn it .,2481
2755,1,`` like what ? '',2755
2757,1,she paused .,2757
2761,1,god .,2761
3085,1,never .,3085
68634,1,.,68634
3137,1,`` i 'm fine .,3137
3163,1,`` do n't worry .,3163
3172,1,perfect .,3172
3191,1,i 'm sorry . '',3191
3203,1,are you okay ?,3203
3215,1,`` wow .,3215
3216,1,`` i do . '',3216
3226,1,`` maybe .,3226
3248,1,`` it 's okay .,3248
3277,1,i do .,3277
3278,1,`` what do you want ? '',3278
3285,1,he was right .,3285
3344,1,i shrug .,3344
3353,1,`` i see . '',3353
3357,1,huh ?,3357
3359,1,she demanded .,3359
3091,1,`` exactly .,3091
3069,1,who ?,3069
2764,1,`` yes ! '',2764
3062,1,`` please .,3062
2768,1,no way .,2768
2770,1,okay ?,2770
2796,1,`` for what ? '',2796
2800,1,`` why not ?,2800
2845,1,he shouted .,2845
2876,1,i did .,2876
2887,1,hey !,2887
2943,1,yep .,2943
2962,1,"`` yes , sir . ''",2962
2965,1,`` i ...,2965
2974,1,`` i 'm fine . '',2974
3006,1,oh god .,3006
3015,1,`` wait .,3015
3020,1,okay ? '',3020
3036,1,`` where are you going ? '',3036
3049,1,right ?,3049
3055,1,. '',3055
2322,1,`` ah .,2322
2315,1,he nods .,2315
2312,1,all right .,2312
1915,1,so ?,1915
1919,1,what do you think ?,1919
1920,1,`` i ca n't .,1920
1933,1,interesting .,1933
1937,1,i took a deep breath .,1937
1957,1,`` what 's this ? '',1957
1961,1,my .,1961
1968,1,`` i ca n't . '',1968
1984,1,trust me .,1984
1990,1,`` stop ! '',1990
2001,1,here .,2001
2003,1,he yelled .,2003
2006,1,sorry . '',2006
2009,1,`` aye .,2009
2010,1,oh no .,2010
2012,1,of course not .,2012
2013,1,wait !,2013
2014,1,`` not yet . '',2014
1918,1,`` wait . '',1918
1907,1,he hesitated .,1907
2018,1,almost .,2018
1904,1,a lot .,1904
1821,1,i gasped .,1821
1824,1,i understand .,1824
1825,1,`` uh-huh . '',1825
1827,1,whats that ?,1827
1832,1,she was right .,1832
1838,1,everything .,1838
1839,1,he snorted .,1839
1848,1,'no .,1848
1860,1,he shrugs .,1860
1862,1,fuck !,1862
1866,1,what are you doing here ?,1866
1868,1,`` nah .,1868
1875,1,her eyes widened .,1875
1876,1,holy shit .,1876
1885,1,probably .,1885
1893,1,he says .,1893
1900,1,he laughs .,1900
2015,1,what happened ? '',2015
2034,1,'what ? ',2034
2299,1,`` hey .,2299
2183,1,she cried .,2183
2196,1,i demanded .,2196
2202,1,`` mr .,2202
2204,1,i smile .,2204
2211,1,`` hi . '',2211
2213,1,`` wait ! '',2213
2214,1,`` what the hell ? '',2214
2217,1,`` seriously ? '',2217
2221,1,`` of course not .,2221
2230,1,`` see ?,2230
2235,1,"oh , god .",2235
2234,1,ah .,2234
2251,1,`` hey !,2251
2253,1,whats wrong ?,2253
2272,1,thanks . '',2272
2278,1,where ?,2278
2282,1,jesus .,2282
2284,1,`` how do you know ? '',2284
2186,1,no . '',2186
2174,1,seriously ?,2174
2036,1,`` i see .,2036
2175,1,`` i do n't understand . '',2175
2051,1,`` i am . '',2051
2054,1,always .,2054
2064,1,`` that 's right .,2064
2079,1,he cleared his throat .,2079
2094,1,i blinked .,2094
2103,1,not anymore .,2103
2111,1,`` whatever .,2111
2110,1,ugh .,2110
2125,1,no answer .,2125
2132,1,where are you ?,2132
2138,1,i shouted .,2138
2142,1,oh my god .,2142
2149,1,i yelled .,2149
2151,1,`` yes !,2151
2154,1,what are you talking about ?,2154
2165,1,are you sure ?,2165
2169,1,`` yeah ?,2169
3388,1,thank you . '',3388
3464,1,i love you .,3464
701,1,`` it 's true .,701
8127,1,`` thanks . '',8127
7729,1,`` good . '',7729
7759,1,why ? '',7759
7776,1,`` i do n't know . '',7776
7790,1,i dont know .,7790
7821,1,`` why ?,7821
7919,1,`` i 'm sorry .,7919
8014,1,she smiled .,8014
8076,1,right .,8076
41105,1,`` no . '',41105
3476,1,i say .,3476
8337,1,i laughed .,8337
8603,1,`` why not ? '',8603
8653,1,i know .,8653
8915,1,`` what are you doing ? '',8915
9095,1,i shrugged .,9095
9118,1,really ?,9118
9136,1,he smiled .,9136
9355,1,he laughed .,9355
7593,1,of course .,7593
7554,1,`` what happened ? '',7554
7544,1,`` are you okay ? '',7544
7545,1,she shrugged .,7545
6113,1,`` yeah ? '',6113
6593,1,he grinned .,6593
6634,1,he sighed .,6634
6670,1,`` really ?,6670
6721,1,i smiled .,6721
6812,1,she laughed .,6812
6874,1,he asks .,6874
6873,1,`` sure .,6873
6887,1,great .,6887
6912,1,`` yes ? '',6912
6927,1,thank you .,6927
7048,1,`` of course .,7048
7144,1,`` what 's wrong ? '',7144
7184,1,`` sure . '',7184
7324,1,please .,7324
7407,1,`` of course . '',7407
7464,1,i sighed .,7464
9609,1,`` what is it ? '',9609
9778,1,`` oh .,9778
9988,1,oh .,9988
14214,1,i said .,14214
14379,1,`` i know .,14379
14925,1,i ask .,14925
15148,1,i shook my head .,15148
15561,1,`` yeah . '',15561
15584,1,he shook his head .,15584
15804,1,he nodded .,15804
15909,1,he said .,15909
16132,1,`` i do n't know .,16132
16367,1,`` what ?,16367
49741,1,he asked .,49741
18675,1,i nodded .,18675
19086,1,why ?,19086
53617,1,i asked .,53617
58133,1,`` no .,58133
58555,1,`` what ? '',58555
25992,1,`` why ? '',25992
26230,1,`` yeah .,26230
47112,1,no .,47112
14147,1,she shook her head .,14147
10700,1,`` fine .,10700
14148,1,she nodded .,14148
10762,1,`` what do you mean ? '',10762
10843,1,`` thank you . '',10843
11098,1,good .,11098
11278,1,she said .,11278
11388,1,`` oh . '',11388
11479,1,nothing .,11479
11715,1,no !,11715
11732,1,`` really ? '',11732
11831,1,`` no ! '',11831
12197,1,he shrugged .,12197
12262,1,shit .,12262
12542,1,`` i know . '',12542
12675,1,`` okay . '',12675
12831,1,`` good .,12831
13180,1,okay .,13180
13263,1,`` okay .,13263
13702,1,yeah .,13702
6038,1,damn .,6038
6016,1,`` no !,6016
6019,1,`` right .,6019
3900,1,i rolled my eyes .,3900
3949,1,? '',3949
3953,1,whatever .,3953
4001,1,`` who are you ? '',4001
4030,1,`` sorry . '',4030
4081,1,`` well ? '',4081
4089,1,she asks .,4089
4131,1,`` come on .,4131
4147,1,`` hey ! '',4147
4145,1,`` what are you talking about ? '',4145
4191,1,`` thanks .,4191
4245,1,i frowned .,4245
4260,1,he demanded .,4260
4272,1,`` nothing . '',4272
4313,1,he frowned .,4313
4316,1,`` yep .,4316
4360,1,`` hey . '',4360
4427,1,he chuckled .,4427
3933,1,come on .,3933
3863,1,`` yep . '',3863
4446,1,`` and ? '',4446
3826,1,wait .,3826
3480,1,`` are you all right ? '',3480
3491,1,`` huh ? '',3491
3502,1,shit !,3502
3512,1,not really .,3512
3523,1,i whispered .,3523
3556,1,nope .,3556
3571,1,she frowned .,3571
3591,1,`` where ? '',3591
3590,1,`` nope . '',3590
3593,1,crap .,3593
3596,1,`` oh ? '',3596
3702,1,she whispered .,3702
3726,1,i 'm sorry .,3726
3738,1,what the hell ?,3738
3776,1,`` maybe . '',3776
3803,1,`` please . '',3803
3810,1,yes !,3810
4434,1,`` nothing .,4434
4495,1,im sorry .,4495
5990,1,fuck .,5990
5194,1,`` who ? '',5194
38076,1,she asked .,38076
5321,1,i shake my head .,5321
5391,1,`` how ? '',5391
5397,1,`` fine . '',5397
5430,1,maybe .,5430
5455,1,`` what 's going on ? '',5455
5465,1,what do you mean ?,5465
5499,1,`` i 'm sorry . '',5499
5541,1,`` nope .,5541
5546,1,`` you okay ? '',5546
5554,1,silence .,5554
5617,1,fine .,5617
5631,1,sure .,5631
5717,1,`` hello ? '',5717
5820,1,she sighed .,5820
5858,1,i nod .,5858
5886,1,`` sorry .,5886
5193,1,sorry .,5193
5160,1,please . '',5160
4514,1,`` are you sure ? '',4514
5144,1,again .,5144
4556,1,now . '',4556
4610,1,how ?,4610
4620,1,i do n't know .,4620
4624,1,ever .,4624
4651,1,`` what are you doing here ? '',4651
4669,1,`` thank you .,4669
4731,1,not yet .,4731
4749,1,now .,4749
4779,1,`` what 's that ? '',4779
4806,1,`` all right .,4806
4908,1,what is it ?,4908
4923,1,`` right . '',4923
4931,1,he paused .,4931
4958,1,what happened ?,4958
5044,1,thanks .,5044
37841,1,`` yes . '',37841
5092,1,wow .,5092
1820,1,`` so ?,1820
1815,1,now !,1815
1810,1,stop !,1810
1006,1,he repeated .,1006
992,1,`` i 'm so sorry .,992
993,1,`` is everything okay ? '',993
994,1,`` what are you saying ? '',994
995,1,`` no way . '',995
996,1,`` pardon ? '',996
997,1,yup .,997
1001,1,okay . '',1001
1002,1,my eyes widened .,1002
1009,1,he closed his eyes .,1009
1805,1,`` what about you ? '',1805
1012,1,empty .,1012
1017,1,`` better ? '',1017
1019,1,look !,1019
1020,1,`` are you ? '',1020
1024,1,he asked quietly .,1024
1026,1,`` you think ? '',1026
1028,1,`` mom ? '',1028
1031,1,`` deal . '',1031
991,1,where are you ? '',991
987,1,what is this ?,987
984,1,of course !,984
980,1,something was wrong .,980
932,1,`` are you okay ?,932
933,1,`` what 's wrong ?,933
936,1,bastard .,936
937,1,`` ha !,937
939,1,she chuckled .,939
944,1,wonderful .,944
945,1,not again .,945
946,1,you know .,946
953,1,he asked me .,953
957,1,`` i wo n't . '',957
959,1,`` that 's it .,959
961,1,his eyes widened .,961
963,1,jack asked .,963
967,1,i giggled .,967
973,1,i did n't know .,973
975,1,ha .,975
978,1,`` what about you ?,978
1041,1,`` you know what ?,1041
1045,1,he screamed .,1045
1046,1,he snapped .,1046
1103,1,i thought .,1103
1108,1,`` i 'm not . '',1108
1110,1,`` yup . '',1110
1111,1,probably not .,1111
1113,1,`` what are you going to do ? '',1113
1118,1,too late .,1118
1121,1,still .,1121
1125,1,`` i think so .,1125
1131,1,i chuckled .,1131
1132,1,soon .,1132
1134,1,`` everything okay ? '',1134
1138,1,i .,1138
1140,1,hello .,1140
1144,1,`` you ready ? '',1144
1147,1,stop .,1147
1149,1,he grins .,1149
1150,1,`` it does n't matter .,1150
1155,1,sort of .,1155
1105,1,that 's all .,1105
1099,1,"no , no .",1099
1049,1,he winked .,1049
1094,1,ouch .,1094
1053,1,pause .,1053
1057,1,`` what are you talking about ?,1057
1060,1,`` uh-huh .,1060
1062,1,`` that 's it ? '',1062
1063,1,`` oh my god . '',1063
1064,1,`` now ! '',1064
1067,1,`` now what ? '',1067
1068,1,not good .,1068
1069,1,whats up ?,1069
1070,1,"`` yes , '' she said .",1070
1077,1,`` yup .,1077
1083,1,`` you 're sure ? '',1083
1085,1,like what ?,1085
1086,1,hi .,1086
1089,1,he thought .,1089
1091,1,`` sir ? '',1091
1093,1,`` you 're right . '',1093
931,1,oh yeah .,931
930,1,she asked softly .,930
924,1,indeed .,924
773,1,where are we ?,773
780,1,`` i do n't . '',780
782,1,`` whoa .,782
784,1,`` not exactly .,784
785,1,i ca n't . '',785
789,1,`` cool . '',789
790,1,`` i have no idea . '',790
791,1,he chuckles .,791
793,1,`` what did he say ? '',793
797,1,`` mmm .,797
800,1,`` i hope so . '',800
802,1,`` fuck .,802
803,1,`` what are you thinking ? '',803
805,1,you . '',805
806,1,'why ? ',806
28842,1,what ?,28842
816,1,where am i ?,816
822,1,he roared .,822
776,1,he held out his hand .,776
772,1,do n't .,772
830,1,i replied .,830
766,1,`` oh my god !,766
705,1,`` how many ? '',705
707,1,do it .,707
709,1,`` go ahead .,709
714,1,`` you ! '',714
718,1,not even close .,718
720,1,`` we need to talk . '',720
724,1,nothing . '',724
731,1,what do you want ? '',731
735,1,`` you 'll see . '',735
743,1,focus .,743
747,1,`` perhaps . '',747
749,1,please ! '',749
754,1,`` what 's going on ?,754
755,1,i need you .,755
756,1,not here .,756
758,1,he murmured .,758
763,1,`` agreed . '',763
825,1,then another .,825
831,1,i ask him .,831
921,1,go ahead .,921
876,1,three .,876
881,1,`` who ?,881
882,1,`` shut up ! '',882
883,1,there it was .,883
885,1,`` you all right ? '',885
886,1,great !,886
887,1,`` really .,887
888,1,`` look at me . '',888
896,1,`` probably .,896
897,1,but ...,897
900,1,i called .,900
901,1,how do you know ?,901
905,1,`` i agree .,905
912,1,really . '',912
913,1,what !,913
916,1,`` hello ?,916
917,1,'no . ',917
918,1,not ever .,918
879,1,`` what is it ?,879
873,1,"`` yeah , i know .",873
833,1,just like that .,833
871,1,she swallowed hard .,871
836,1,`` i 'll be right back . '',836
838,1,perhaps .,838
839,1,`` such as ? '',839
841,1,`` does it matter ? '',841
843,1,he replied .,843
844,1,god !,844
845,1,she called .,845
846,1,`` what for ? '',846
847,1,`` please ? '',847
848,1,`` i guess so . '',848
854,1,crap !,854
856,1,do you hear me ?,856
857,1,this is it .,857
858,1,remember ? '',858
862,1,oops .,862
864,1,he raised an eyebrow .,864
865,1,`` excellent .,865
1158,1,he rolled his eyes .,1158
1162,1,`` what time is it ? '',1162
1168,1,`` i understand .,1168
1519,1,she shakes her head .,1519
1529,1,she snorted .,1529
1531,1,ever . '',1531
1532,1,she swallowed .,1532
1536,1,`` what is that ? '',1536
1538,1,`` do you ? '',1538
1546,1,he smiles .,1546
1548,1,`` absolutely . '',1548
1552,1,lets go .,1552
1556,1,`` that 's right . '',1556
1559,1,`` i will .,1559
1564,1,she hesitated .,1564
1567,1,come on . '',1567
1579,1,you know that .,1579
1582,1,`` me ?,1582
1586,1,he asked her .,1586
1589,1,`` it 's okay . '',1589
1590,1,`` what is this ? '',1590
1520,1,nice .,1520
1516,1,"oh , yes .",1516
1597,1,`` no problem . '',1597
1508,1,he did .,1508
1460,1,and again .,1460
1461,1,`` i understand . '',1461
1462,1,`` never mind .,1462
34220,1,`` yes .,34220
1468,1,she giggled .,1468
1475,1,yet .,1475
1476,1,uh-oh .,1476
1480,1,im fine .,1480
1481,1,she nods .,1481
1482,1,`` no problem .,1482
1484,1,`` great . '',1484
1491,1,`` tell me . '',1491
1495,1,what was that ?,1495
1500,1,"yeah , right .",1500
1501,1,`` what 's your name ? '',1501
1503,1,`` you do ? '',1503
1507,1,what 's going on ? '',1507
1596,1,...,1596
1599,1,`` i do n't think so . '',1599
1456,1,"`` yes , sir .",1456
1677,1,`` where are you ? '',1677
1691,1,oh ?,1691
1698,1,you ? '',1698
1700,1,huh .,1700
1718,1,`` whatever . '',1718
1725,1,are you okay ? '',1725
1726,1,`` how so ? '',1726
1732,1,`` what did you say ? '',1732
1733,1,now ! '',1733
1735,1,wow !,1735
1741,1,his eyes narrowed .,1741
1742,1,`` oh !,1742
1751,1,`` me too . '',1751
1763,1,"`` no , '' he said .",1763
1771,1,`` ah . '',1771
1781,1,i sigh .,1781
1782,1,that was it .,1782
1802,1,`` very well .,1802
1690,1,`` i did . '',1690
1674,1,i ...,1674
1600,1,hell .,1600
1671,1,i will .,1671
1601,1,a pause .,1601
1604,1,`` i do n't think so .,1604
1610,1,seriously .,1610
1611,1,`` you sure ? '',1611
1619,1,`` wow . '',1619
1620,1,`` shit .,1620
1628,1,i closed my eyes .,1628
1631,1,true .,1631
1639,1,finally .,1639
1643,1,dont worry .,1643
1647,1,well ?,1647
1648,1,what do you want ?,1648
1651,1,'yes .,1651
1655,1,"oh , no .",1655
1663,1,`` you 're welcome . '',1663
1664,1,do you understand ?,1664
1669,1,`` oh ! '',1669
1457,1,i get it .,1457
1455,1,`` true . '',1455
1170,1,`` i 'm so sorry . '',1170
1222,1,he grimaced .,1222
1234,1,`` shut up . '',1234
1236,1,no one .,1236
1240,1,`` how ?,1240
1242,1,whoa .,1242
1245,1,`` so .,1245
1246,1,hey .,1246
1247,1,i exclaimed .,1247
1249,1,come on !,1249
1252,1,`` hmm .,1252
1254,1,`` are you sure ?,1254
1256,1,what now ?,1256
1260,1,t.a .,1260
1261,1,`` never . '',1261
1264,1,i whisper .,1264
1265,1,what 's up ? '',1265
1276,1,for what ?,1276
1280,1,please !,1280
1225,1,but how ?,1225
1221,1,damn it !,1221
1297,1,`` where are we ? '',1297
1218,1,i do n't know . '',1218
1171,1,do n't worry .,1171
1174,1,i swallowed hard .,1174
1179,1,right now .,1179
1182,1,i roll my eyes .,1182
1184,1,`` do n't .,1184
1187,1,`` can i help you ? '',1187
1189,1,what does that mean ?,1189
1190,1,absolutely .,1190
1193,1,"if you would like to share this book with another person , please purchase an additional copy for each recipient .",1193
1198,1,you okay ?,1198
1199,1,remember ?,1199
1200,1,`` i told you .,1200
1205,1,"`` oh , yes .",1205
1209,1,go .,1209
1210,1,`` hmm . '',1210
1211,1,she exclaimed .,1211
1214,1,i froze .,1214
1281,1,'yes . ',1281
1308,1,`` go ! '',1308
1454,1,youre right .,1454
1371,1,twice .,1371
1374,1,i cried .,1374
1376,1,she took a deep breath .,1376
1377,1,trust me . '',1377
1385,1,until now .,1385
1388,1,i wondered .,1388
1394,1,she blinked .,1394
1395,1,it did n't matter .,1395
1407,1,`` shit ! '',1407
1413,1,`` do what ? '',1413
1420,1,go !,1420
1426,1,i snapped .,1426
1428,1,thats right .,1428
1434,1,are you all right ?,1434
1439,1,what about you ?,1439
1446,1,very well .,1446
1449,1,i groaned .,1449
1453,1,`` i am .,1453
1373,1,click .,1373
1370,1,its okay .,1370
1310,1,`` what 's the matter ? '',1310
1369,1,what is it ? '',1369
1312,1,`` come here . '',1312
1313,1,look .,1313
1315,1,`` now . '',1315
1316,1,i hesitated .,1316
1318,1,literally .,1318
1319,1,`` is that so ? '',1319
1328,1,for now .,1328
1332,1,`` what do you mean ?,1332
1336,1,there was a pause .,1336
1343,1,alright .,1343
1355,1,this was it .,1355
1356,1,`` i promise . '',1356
1358,1,`` where is she ? '',1358
1360,1,now what ?,1360
1361,1,you ?,1361
1365,1,i love you . '',1365
1368,1,oh my god !,1368
814,1,cole asked .,814
